{
	 "imaginative": 74.51348617043244, 
    "netspeak_focus": 23.812132689852675, 
    "humble": 71.43368659844876, 
    "liberal": 45.176097200549215, 
    "self_assured": 21.1861394974359, 
    "body_focus": 26.88932439562619, 
    "trusting": 46.972085575416024, 
    "organized": 91.44404727552899, 
    "melancholy": 44.96106981306085, 
    "intellectual": 1, 
    "family_oriented": 1, 
    "disciplined": 65.79075099552598, 
    "neuroticism": 16.344755757061186, 
    "cooperative": 34.5466536640275, 
    "social_skills": 7.974482657534609, 
    "openness": 6.78837758563029, 
    "cold": 74.49070304989057, 
    "adjustment": 1, 
    "aggressive": 16.789779411809917, 
    "depression": 86.30534800258869, 
    "food_focus": 36.90316610452883, 
    "generous": 99, 
    "sexual_focus": 38.59850307933812, 
    "power_driven": 1, 
    "tweet": "I wrote ballad\n", 
    "friend_focus": 30.301344646823317, 
    "religion_oriented": 35.14827527205458, 
    "extraversion": 5.258987035487071, 
    "agreeableness": 98.65181360668407, 
    "happiness": 1, 
    "ambitious": 62.4051229159689, 
    "friendly": 7.5875126453574815, 
    "money_oriented": 28.150231938238527, 
    "independent": 92.96384356589039, 
    "type_a": 5.8587620737236366, 
    "workhorse": 99, 
    "reward_bias": 10.409641873278238, 
    "energetic": 33.04009802784426, 
    "self_conscious": 62.172161925062866, 
    "assertive": 1.6404638232422708, 
    "insecure": 2.455858691727688, 
    "leisure_oriented": 25.675613462631972, 
    "impulsive": 14.269444343635163, 
    "cautious": 19.901469066913105, 
    "conscientiousness": 86.91325980733292, 
    "active": 41.800977049302205, 
    "thinking_style": 24.364892831603104, 
    "dutiful": 96.96565553585124, 
    "genuine": 84.16464441876887, 
    "adventurous": 1.4153548571414099, 
    "sociable": 36.48036774674192, 
    "cheerful": 7.823404336955589, 
    "emotionally_aware": 70.8572674298971, 
    "empathetic": 93.7149273293946, 
    "persuasive": 27.672251007484167, 
    "anxious": 20.94080205388987, 
    "artistic": 7.4923836841981535, 
    "stressed": 19.550515631284657, 
    "health_oriented": 25.687734709530453, 
    "work_oriented": 84.07462308539698
	
}
